<application>
  <component name="com.ioannuwu.inline.data.SettingsState">
    <option name="font">
      <FontSettingsState>
        <option name="fontName" value="Arial Narrow Negrita Cursiva" />
        <option name="textSample" value="sample" />
      </FontSettingsState>
    </option>
    <option name="ignoreList">
      <array>
        <option value="TODO" />
        <option value="Typo" />
        <option value="Automatically declared based on the expected type" />
        <option value="Value captured in a closure" />
        <option value="Expression should use clarifying parentheses" />
        <option value="Missing trailing comma" />
        <option value="Reassigned local variable" />
        <option value="String concatenation '+=' in loop" />
        <option value="Non-ASCII symbols in ASCII word" />
        <option value="Non-ASCII characters" />
      </array>
    </option>
    <option name="information">
      <SeverityLevelState textColor="-12751671" backgroundColor="-14863262" effectColor="-10944768">
        <option name="showBackground" value="false" />
      </SeverityLevelState>
    </option>
    <option name="maxErrorsPerLine" value="2" />
    <option name="oneGutterMode" value="true" />
    <option name="otherError">
      <SeverityLevelState textColor="-7493207" backgroundColor="-12299694" effectColor="-10324362">
        <option name="showBackground" value="false" />
      </SeverityLevelState>
    </option>
    <option name="serverError">
      <SeverityLevelState textColor="-8380999" backgroundColor="-12710310" effectColor="-10939263">
        <option name="showBackground" value="false" />
      </SeverityLevelState>
    </option>
    <option name="warning">
      <SeverityLevelState textColor="-4361435" backgroundColor="-10733551" effectColor="-8105959">
        <option name="showBackground" value="false" />
      </SeverityLevelState>
    </option>
    <option name="weakWarning">
      <SeverityLevelState textColor="-4744407" backgroundColor="-10925293" effectColor="-8360932">
        <option name="showBackground" value="false" />
      </SeverityLevelState>
    </option>
  </component>
</application>